municipio_ibge,SE 01,SE 02,SE 03,SE 04,SE 05,SE 06,SE 07,SE 08,SE 09,SE 10,SE 11,SE 12,SE 13,SE 14,SE 15,SE 16,SE 17,SE 18,SE 19,SE 20,SE 21,SE 22
3500105,11,32,75,113,174,243,330,404,470,567,632,699,745,801,840,888,927,958,977,991,998,1002
3500204,2,2,2,2,2,2,2,2,2,2,2,2,2,2,2,4,5,5,5,7,7,7
3500303,56,141,299,474,601,787,953,1161,1322,1467,1653,1755,1818,1853,1890,1902,1908,1921,1926,1939,1942,1942
3500402,0,0,1,1,1,2,5,5,6,8,11,14,20,23,24,24,25,25,25,25,25,27
3500501,0,0,0,1,1,1,1,1,1,1,1,1,1,1,1,1,1,1,2,2,2,2
3500550,0,0,0,0,0,0,0,0,0,0,0,0,0,0,0,0,0,0,0,0,0,0
3500600,0,0,0,0,0,2,2,3,4,4,4,5,5,7,7,10,13,17,17,18,18,18
3500709,0,0,0,0,0,0,0,1,1,2,2,2,4,4,4,5,5,6,6,7,8,8
3500758,0,0,0,0,0,0,0,0,0,0,0,0,0,0,0,0,0,0,0,0,0,0
3500808,0,0,0,4,4,6,15,18,22,28,36,41,43,43,48,59,61,62,65,71,74,74
3500907,0,0,0,0,0,0,0,0,0,1,1,1,1,1,1,1,1,1,1,1,1,1
3501004,0,0,0,0,2,3,3,4,7,7,8,10,11,11,11,11,11,11,13,13,13,13
3501103,0,0,0,0,1,3,3,4,4,10,11,12,12,13,14,16,16,16,16,20,20,20
3501152,0,0,0,0,0,0,0,0,1,1,1,1,1,1,1,1,1,1,1,1,1,1
3501202,1,4,7,12,21,29,38,41,42,44,47,48,48,48,48,49,52,53,55,57,58,58
3501301,0,1,5,10,19,32,43,53,69,94,113,127,150,175,204,236,260,279,314,332,341,347
3501400,0,0,0,0,0,0,0,0,0,0,0,1,1,1,1,1,1,1,1,1,1,1
3501509,0,0,0,0,0,1,3,4,4,4,4,5,6,6,6,6,8,8,8,8,8,8
3501608,4,17,26,42,50,69,94,113,132,162,188,209,238,260,283,314,343,359,376,381,385,389
3501707,0,0,1,2,2,3,4,8,11,11,11,11,11,13,14,14,14,15,15,15,15,15
3501806,29,59,105,141,167,197,215,219,235,242,245,248,248,249,250,251,251,251,251,251,251,251
3501905,0,0,2,2,3,5,7,7,8,9,10,10,12,18,22,27,32,35,42,44,48,48
3502002,0,0,0,0,0,0,1,1,1,4,5,5,5,5,7,8,11,12,12,12,12,12
3502101,9,30,47,68,97,133,175,224,284,334,398,452,502,548,592,627,674,719,759,783,802,819
3502200,0,0,0,0,0,0,0,0,0,0,0,0,0,0,0,0,0,0,0,0,0,0
3502309,0,0,0,0,0,0,0,1,1,1,1,1,2,2,2,2,2,3,3,3,3,4
3502408,0,0,0,0,0,0,0,0,1,2,3,3,4,4,4,5,5,5,6,6,6,6
3502507,25,46,89,153,213,306,395,452,505,546,581,595,604,624,635,640,646,646,648,656,659,660
3502606,0,0,0,0,0,1,1,1,2,2,2,2,2,4,6,7,8,8,10,10,11,11
3502705,0,0,0,0,0,0,0,0,0,0,0,0,0,0,0,0,0,0,0,0,0,0
3502754,0,0,0,0,0,0,0,0,0,0,0,0,0,0,0,0,0,0,0,0,0,0
3502804,23,47,82,181,296,439,581,716,862,1047,1195,1302,1442,1527,1611,1692,1762,1819,1858,1876,1892,1901
3502903,0,0,0,0,0,0,0,0,1,1,1,1,1,1,1,1,2,2,5,5,5,5
3503000,0,0,0,1,1,1,4,6,6,7,7,8,8,8,8,8,8,8,8,8,8,8
3503109,0,0,0,0,0,0,0,0,0,0,0,0,0,0,0,0,0,0,0,0,0,0
3503158,0,0,0,0,0,0,0,0,0,0,0,0,0,0,0,1,1,2,2,2,2,2
3503208,10,18,29,40,55,63,73,82,92,106,115,119,126,137,146,152,157,161,167,169,171,172
3503307,9,21,36,59,86,135,196,251,299,347,385,432,472,538,590,635,684,723,749,782,798,809
3503356,0,0,0,0,0,0,0,0,0,0,1,1,6,8,10,15,17,20,23,27,29,30
3503406,0,2,2,2,2,2,2,2,2,2,2,2,2,2,2,2,2,2,2,2,2,2
3503505,0,0,0,0,0,1,1,1,1,2,2,3,4,5,9,10,11,12,17,19,19,19
3503604,0,0,0,0,0,0,0,0,0,0,0,0,0,0,0,0,0,0,0,0,0,0
3503703,12,33,57,95,166,199,225,241,251,263,264,270,271,276,279,279,280,281,282,284,284,284
3503802,1,1,2,3,4,4,5,5,11,15,21,28,36,41,51,59,65,75,79,79,79,79
3503901,0,1,2,2,3,3,4,4,4,5,6,7,8,8,9,10,10,10,11,11,11,11
3503950,0,0,0,0,1,2,3,3,5,5,6,7,7,7,7,8,9,9,9,9,9,9
3504008,3,8,16,20,35,63,96,135,197,255,314,372,433,493,556,617,669,720,754,780,794,807
3504107,7,13,16,23,26,31,36,45,52,60,68,71,73,80,81,87,88,92,92,92,93,94
3504206,0,4,5,9,14,21,25,30,37,43,50,57,61,68,70,77,80,81,83,90,96,103
3504305,0,0,0,0,0,0,0,0,0,0,0,0,0,1,1,1,1,2,2,2,2,2
3504404,0,0,0,0,3,4,4,4,7,9,14,18,21,25,32,35,40,42,42,42,43,44
3504503,0,0,0,0,0,0,0,1,1,2,4,7,7,8,8,8,8,8,9,9,9,9
3504602,1,5,8,10,16,20,26,36,40,42,42,42,43,43,44,45,45,47,47,47,47,47
3504701,0,0,0,0,0,0,0,0,0,0,0,0,0,0,0,0,0,0,0,0,0,0
3504800,0,0,1,1,1,2,2,3,5,7,7,8,8,8,8,8,10,11,11,11,12,12
3504909,0,0,0,0,0,0,0,0,0,0,0,0,0,0,0,0,0,0,0,0,0,0
3505005,0,0,0,0,0,0,0,0,0,0,0,2,4,6,6,9,12,12,12,12,12,12
3505104,0,0,0,0,0,0,0,0,0,0,0,0,0,0,0,0,0,0,0,0,0,0
3505203,1,3,3,3,4,6,11,14,15,15,16,17,20,23,34,46,53,59,68,73,74,75
3505302,0,1,1,1,1,1,1,1,2,3,3,3,3,3,3,3,3,3,3,3,3,3
3505351,0,0,0,0,0,0,0,0,0,0,0,0,0,0,0,0,0,0,0,0,0,0
3505401,0,0,0,0,1,1,7,10,22,35,36,42,44,49,49,49,49,50,50,50,50,50
3505500,2,2,6,8,8,11,16,20,21,24,25,27,30,32,32,34,34,36,36,36,36,36
3505609,1,4,8,14,16,23,32,38,51,67,87,90,96,97,98,98,99,99,100,103,106,107
3505708,0,0,0,0,0,1,1,2,2,3,4,4,4,4,5,6,8,8,8,8,8,8
3505807,6,19,52,89,161,292,405,488,569,579,585,614,662,678,681,682,682,682,682,682,682,682
3505906,0,0,0,2,2,2,3,4,5,10,12,13,18,19,21,23,25,25,26,26,26,26
3506003,17,37,59,102,170,210,257,313,359,406,450,466,484,504,512,521,533,547,556,571,579,580
3506102,0,3,4,8,13,15,21,38,63,83,112,125,146,162,178,195,209,223,236,244,244,244
3506201,0,2,2,4,4,13,16,17,17,18,20,20,22,23,24,25,25,27,30,34,34,35
3506300,0,0,0,1,1,1,3,3,3,3,3,3,3,4,5,5,5,6,6,6,6,6
3506359,1,2,2,3,4,5,9,11,12,14,15,16,20,22,22,23,24,32,36,39,39,39
3506409,0,3,3,8,10,13,17,19,26,29,33,35,36,38,41,42,44,45,46,46,46,46
3506508,6,21,32,50,78,124,162,183,225,271,301,338,368,392,403,420,431,447,458,463,465,472
3506607,0,0,0,0,0,0,1,1,1,1,1,1,1,1,1,1,1,1,1,1,1,1
3506706,0,0,0,0,1,7,11,12,20,22,23,25,26,26,28,31,32,34,39,39,39,41
3506805,0,0,1,2,4,4,4,4,4,4,5,6,7,7,7,7,7,7,7,7,7,7
3506904,0,0,0,0,0,0,0,0,0,0,0,0,0,0,0,0,0,0,0,0,0,0
3507001,0,0,0,0,0,1,5,7,9,14,18,22,24,30,35,39,40,42,50,51,51,52
3507100,0,1,1,1,1,1,1,1,1,1,1,1,1,2,3,3,3,3,3,3,3,3
3507159,0,0,0,0,0,0,0,0,0,0,0,0,0,0,0,0,0,0,0,0,0,0
3507209,0,0,0,0,0,0,1,1,1,1,1,1,1,1,1,1,1,1,1,1,1,1
3507308,0,0,0,0,0,0,0,0,0,0,0,0,1,1,1,1,1,1,1,1,1,1
3507407,1,2,9,9,20,24,35,42,55,69,73,76,80,84,89,98,101,110,118,122,123,124
3507456,0,0,0,0,0,0,0,0,0,0,0,0,0,0,0,0,0,0,0,0,0,0
3507506,1,1,1,1,2,6,6,9,11,11,13,13,13,13,15,18,18,18,18,18,18,18
3507605,0,0,2,3,6,11,12,15,20,26,33,36,40,51,64,74,91,103,118,131,135,135
3507704,0,0,0,0,0,2,4,4,5,6,8,9,11,15,17,24,28,29,35,39,39,39
3507753,0,0,0,1,1,3,3,5,5,5,5,6,15,19,21,25,25,25,27,28,30,30
3507803,0,1,1,2,4,6,12,17,19,22,27,32,35,39,43,49,53,55,55,57,59,59
3507902,3,7,15,18,24,43,63,81,104,136,167,193,205,216,216,231,242,248,256,257,257,257
3508009,0,0,0,0,0,0,0,0,0,0,0,0,0,0,0,0,0,0,0,0,0,0
3508108,6,16,25,42,62,90,112,136,183,225,273,297,329,350,373,393,418,430,448,462,467,473
3508207,0,0,0,0,0,0,0,0,0,0,0,0,0,0,0,0,0,0,0,0,0,0
3508306,0,0,0,0,0,0,0,0,0,0,0,0,0,0,0,0,0,0,0,0,0,0
3508405,0,2,2,2,2,2,3,4,5,5,5,5,7,9,11,14,16,19,22,22,24,26
3508504,0,0,1,3,4,7,13,15,20,29,33,33,36,46,49,54,59,70,78,86,90,94
3508603,0,13,21,29,45,70,100,123,174,220,255,284,321,344,364,388,404,417,428,434,435,435
3508702,0,0,0,0,0,0,0,2,2,2,2,2,4,4,5,6,8,8,10,11,12,14
3508801,0,0,0,0,0,0,0,1,1,4,7,7,12,14,19,19,22,25,26,26,26,26
3508900,0,0,0,0,0,0,0,0,0,0,0,0,2,3,3,3,3,3,3,3,3,3
3509007,0,0,1,1,1,1,1,1,1,1,1,1,1,1,1,1,1,1,1,1,1,1
3509106,36,81,123,135,139,155,160,164,167,167,167,168,168,168,168,172,174,174,174,174,174,174
3509205,0,0,1,1,1,3,5,7,11,11,12,12,12,13,13,13,13,15,16,17,17,17
3509254,3,11,25,52,87,182,370,640,904,996,1005,1014,1071,1107,1113,1129,1148,1165,1170,1177,1184,1185
3509304,0,0,1,1,1,1,2,2,4,9,10,12,18,18,22,22,23,26,29,31,31,31
3509403,0,0,0,0,2,7,9,9,12,19,21,25,28,35,37,43,49,55,62,66,66,66
3509452,0,0,0,0,0,0,0,0,0,0,0,0,0,0,0,0,3,3,3,3,3,3
3509502,19,66,113,187,258,385,539,708,896,1149,1413,1633,1838,2030,2246,2466,2680,2848,3051,3174,3266,3320
3509601,0,1,1,2,2,3,4,4,4,4,4,4,4,4,4,4,4,4,4,4,4,4
3509700,0,0,0,0,0,0,0,0,0,0,0,0,0,0,0,0,0,0,0,0,0,0
3509809,0,0,1,1,1,1,1,1,2,4,5,7,9,11,14,24,31,33,38,40,40,40
3509908,0,0,0,0,1,1,2,4,6,9,9,11,11,17,21,24,29,31,34,41,46,48
3509957,0,1,1,1,3,6,16,24,29,36,40,44,45,47,48,48,48,48,48,48,48,48
3510005,0,2,3,6,9,14,21,29,42,59,75,91,124,152,166,187,201,226,242,261,264,264
3510104,0,0,0,0,1,7,10,13,13,15,16,16,16,18,20,20,20,20,20,20,20,20
3510153,0,0,0,1,1,1,6,6,11,11,12,16,17,19,20,24,24,24,24,24,24,24
3510203,0,0,0,0,0,0,0,0,0,1,1,1,1,1,1,1,1,1,1,1,1,1
3510302,0,0,0,0,0,0,0,1,1,1,4,6,6,6,6,6,6,6,6,6,7,7
3510401,1,2,3,5,5,7,7,8,8,9,9,9,9,9,9,9,9,10,11,11,11,11
3510500,7,15,25,44,64,86,108,130,163,226,333,383,416,434,456,478,508,533,534,534,535,535
3510609,0,0,0,0,1,1,1,2,4,5,6,6,7,7,8,10,10,10,11,11,11,11
3510708,5,13,26,36,50,60,68,73,84,91,97,102,116,128,139,150,161,165,165,168,170,170
3510807,7,19,25,38,48,71,104,160,215,278,335,369,394,431,474,528,573,600,627,644,655,662
3510906,0,0,0,0,0,2,2,3,4,5,7,7,8,9,9,9,10,11,11,11,11,11
3511003,0,4,8,12,26,41,63,91,127,176,207,225,255,279,296,306,317,327,330,335,336,336
3511102,173,471,946,1729,2793,3799,4688,5254,5738,6191,6494,6658,6792,6887,6959,7028,7113,7183,7227,7247,7264,7273
3511201,0,2,5,11,12,17,19,21,25,25,26,26,26,26,27,28,28,28,28,28,28,28
3511300,0,0,3,4,6,10,12,13,14,15,17,19,19,21,25,25,26,26,26,26,26,26
3511409,0,0,0,0,0,0,0,0,0,0,0,0,0,0,1,2,2,3,3,3,3,3
3511508,0,0,0,0,0,0,1,2,3,7,9,11,12,12,12,12,12,14,14,14,14,16
3511607,0,0,0,0,0,0,0,0,0,0,0,0,0,0,0,1,1,1,1,1,1,1
3511706,0,0,0,0,0,4,5,5,8,11,14,16,19,25,32,39,57,65,67,70,72,72
3511904,0,1,2,5,6,11,11,11,19,33,53,67,78,91,95,99,104,110,113,116,117,119
3512001,0,0,0,0,0,0,0,0,0,0,0,0,0,0,0,0,0,0,0,0,0,0
3512100,0,0,0,0,1,1,1,1,1,1,1,3,3,4,5,6,6,7,8,8,8,8
3512209,97,270,448,642,809,932,1148,1289,1417,1512,1576,1596,1632,1650,1665,1677,1683,1690,1696,1699,1699,1700
3512308,0,0,0,0,0,0,0,0,0,0,0,0,0,0,1,1,1,1,1,1,1,1
3512407,0,1,4,4,8,15,26,35,56,88,111,148,194,238,295,334,371,401,428,441,455,465
3512506,0,0,0,0,0,0,1,2,2,2,2,2,3,3,4,5,9,9,9,9,9,9
3512605,0,0,0,0,0,0,0,0,0,0,0,0,0,0,0,0,0,0,0,0,0,0
3512704,0,0,0,0,0,1,1,1,1,1,1,1,1,1,1,2,2,2,2,4,4,4
3512803,0,0,0,1,2,3,7,10,17,25,26,28,33,39,46,52,57,60,66,70,72,72
3512902,1,9,13,26,35,42,50,52,55,55,55,55,55,55,55,55,55,55,55,55,56,56
3513009,0,0,0,2,4,8,10,12,13,17,18,19,20,21,23,25,25,26,27,27,27,27
3513108,2,2,5,9,15,30,45,58,64,92,110,121,134,141,147,149,153,157,163,167,168,169
3513207,0,0,0,0,0,0,0,0,0,0,0,0,0,0,0,0,0,0,0,0,0,0
3513306,0,1,2,6,12,33,43,53,67,76,78,78,78,79,79,79,79,79,80,80,80,80
3513405,48,168,427,785,1184,1919,2704,2917,2986,3103,3141,3142,3143,3143,3143,3143,3143,3143,3143,3143,3143,3143
3513504,3,7,10,15,23,46,68,92,124,169,196,209,222,240,262,288,321,343,367,392,402,414
3513603,0,0,0,0,0,0,0,0,0,0,0,0,0,2,2,2,2,2,2,2,2,2
3513702,1,1,1,1,1,3,3,4,4,5,7,11,15,19,19,22,22,24,24,24,24,24
3513801,0,0,0,1,1,1,1,1,1,1,1,1,1,2,3,3,4,5,5,5,5,5
3513850,2,2,2,5,6,9,10,13,17,19,21,21,23,25,26,27,31,31,32,33,33,34
3513900,0,0,0,0,0,0,0,0,0,0,0,0,0,0,0,0,0,0,0,0,0,0
3514007,0,0,1,1,1,1,2,4,5,6,7,7,8,8,10,10,10,10,10,10,10,10
3514106,1,1,2,2,2,4,4,4,6,7,7,8,9,11,19,24,25,27,39,48,50,52
3514205,0,1,2,5,7,7,8,8,10,12,12,12,12,18,20,21,23,25,26,26,27,27
3514304,0,0,0,0,0,0,0,0,0,0,0,1,1,1,1,1,1,1,1,1,1,1
3514403,12,58,130,221,321,453,591,697,896,1093,1277,1416,1567,1677,1789,1881,1951,1954,1955,1955,1955,1955
3514502,0,1,1,2,2,2,3,3,3,4,7,14,16,23,30,35,38,42,42,42,43,43
3514601,2,4,9,14,17,29,46,49,60,68,76,87,96,110,119,131,133,134,147,155,156,156
3514700,0,0,0,0,0,0,0,0,0,2,3,4,5,5,6,6,6,6,8,8,9,9
3514809,0,0,0,1,1,2,5,9,21,37,54,62,69,82,85,85,86,89,89,89,89,89
3514908,0,0,0,0,0,0,0,0,0,0,0,0,0,0,0,0,0,0,0,0,0,0
3514924,0,0,0,0,2,3,7,11,14,20,24,25,25,25,25,27,27,27,27,27,27,27
3514957,0,0,1,2,8,11,13,14,15,16,18,18,18,18,18,18,18,18,18,18,19,20
3515004,0,0,0,0,0,0,0,0,0,0,0,0,0,1,1,1,1,1,1,1,1,1
3515103,0,0,0,1,1,1,1,1,1,1,1,1,1,1,1,1,1,1,1,1,1,1
3515129,0,0,0,0,0,0,0,0,0,1,1,2,2,3,3,4,4,4,5,5,5,5
3515152,3,5,6,9,11,17,28,35,47,65,78,85,88,90,95,98,101,104,107,108,109,111
3515186,0,0,0,2,3,5,8,9,13,19,24,27,33,39,47,60,73,77,85,87,90,91
3515194,0,0,0,0,0,0,0,0,0,0,0,0,0,0,0,0,0,0,0,0,0,0
3515202,45,88,162,247,338,424,509,554,579,603,622,635,648,655,658,658,662,672,679,684,691,694
3515301,0,0,0,0,0,2,3,4,9,12,13,18,23,35,46,55,60,61,62,64,65,65
3515350,0,2,4,6,7,11,15,15,28,40,44,47,60,70,85,96,104,115,130,134,136,140
3515400,0,0,0,0,0,0,0,0,0,0,0,0,0,0,0,0,0,0,0,0,0,0
3515509,13,25,54,78,117,167,211,239,304,376,410,466,536,594,648,688,747,796,841,873,891,910
3515608,0,0,0,0,0,0,0,0,1,1,1,1,1,1,2,2,2,2,2,3,3,3
3515657,0,3,3,5,9,12,21,21,22,22,23,24,26,28,30,33,33,34,34,34,34,34
3515707,0,0,0,0,0,0,0,0,0,0,0,0,0,0,0,0,0,0,0,0,0,0
3515806,0,0,0,0,1,2,5,6,7,9,10,10,10,12,15,16,19,21,21,22,24,25
3515905,0,0,0,0,2,4,5,5,7,9,13,14,14,16,16,17,17,18,19,22,25,25
3516002,0,1,1,2,5,8,13,19,32,48,61,74,96,108,133,147,160,164,171,177,179,181
3516101,0,0,0,0,0,0,0,0,0,0,0,0,0,0,0,0,0,0,0,0,0,0
3516200,4,6,7,9,13,20,25,27,30,31,33,33,33,34,35,36,36,37,38,39,39,39
3516309,1,6,6,8,11,11,14,19,19,21,25,25,27,29,31,31,31,32,32,32,32,32
3516408,0,0,0,1,1,1,1,1,2,3,5,5,5,5,5,5,5,5,6,6,6,6
3516507,0,0,0,0,4,7,8,11,12,12,13,13,14,15,24,42,46,46,46,46,46,46
3516606,0,0,0,0,0,0,0,0,0,0,0,0,0,0,0,1,1,1,1,1,1,1
3516705,2,19,46,72,121,186,249,294,319,381,427,456,479,503,514,537,552,578,604,623,631,636
3516804,2,8,13,21,33,71,85,101,107,114,120,120,125,127,127,127,127,127,129,130,132,132
3516853,0,0,0,0,0,0,0,0,0,0,0,1,1,1,1,1,1,1,1,1,1,1
3516903,4,17,32,45,73,105,130,146,170,186,194,205,222,241,257,271,286,297,307,307,307,307
3517000,0,0,0,0,0,0,6,12,14,18,18,18,18,18,19,20,20,20,20,20,20,20
3517109,0,0,0,0,0,0,0,0,0,1,1,2,2,2,2,2,7,11,11,12,12,12
3517208,0,0,0,0,0,0,0,1,2,4,4,6,6,6,7,7,7,8,9,10,11,12
3517307,9,24,54,74,108,143,162,164,164,164,165,165,166,166,166,166,166,166,166,166,166,166
3517406,0,0,4,5,7,13,18,28,34,36,38,41,41,44,46,50,52,53,53,55,56,58
3517505,5,14,19,23,30,35,40,44,51,53,56,57,61,65,67,72,72,75,75,76,77,77
3517604,0,0,0,0,0,0,0,0,0,0,0,0,0,0,0,0,0,0,0,0,0,0
3517703,0,0,1,1,1,2,4,5,5,5,5,5,5,5,5,5,5,5,5,5,5,5
3517802,0,1,1,1,1,2,3,4,4,4,6,10,14,16,21,24,25,28,28,32,40,48
3517901,0,0,0,0,0,2,2,2,3,3,3,4,6,6,6,6,6,6,6,6,6,6
3518008,0,0,0,0,0,0,3,4,4,6,11,19,27,43,62,77,81,85,93,98,98,102
3518107,0,1,1,2,3,5,6,6,11,11,15,19,19,19,19,19,21,25,25,27,27,27
3518206,43,123,222,377,533,743,903,992,1096,1178,1235,1282,1306,1330,1345,1363,1372,1386,1393,1403,1410,1415
3518305,0,0,0,0,0,1,22,43,51,55,62,64,64,64,64,64,64,64,64,64,64,64
3518404,26,69,134,215,359,671,952,1263,1680,2032,2321,2517,2644,2741,2832,2900,2956,3004,3032,3055,3066,3072
3518503,0,0,0,1,1,1,1,1,1,1,1,1,1,1,1,1,2,2,2,2,2,2
3518602,0,0,0,0,0,0,1,1,1,1,2,5,6,11,17,21,22,25,29,32,32,32
3518701,3,9,12,16,22,31,38,41,50,54,65,71,75,85,95,98,110,115,118,123,133,133
3518800,13,27,49,63,77,97,117,135,148,164,179,191,200,205,210,223,235,243,250,252,256,256
3518859,0,0,0,0,0,2,2,2,3,3,3,4,4,4,5,7,7,7,8,9,10,10
3518909,0,0,1,1,2,2,4,5,5,5,5,5,5,5,5,5,6,6,6,6,6,6
3519006,0,1,1,3,8,21,43,71,107,153,206,261,294,337,372,407,433,445,448,449,449,449
3519055,0,0,0,0,0,1,1,2,2,3,6,8,10,10,10,10,11,12,12,13,14,14
3519071,9,24,37,56,75,97,134,165,212,265,315,356,426,514,591,663,711,742,748,758,760,763
3519105,0,0,0,0,3,5,5,5,6,6,6,6,6,7,7,8,9,9,10,13,14,14
3519204,10,25,43,81,109,134,158,161,165,173,178,184,191,197,207,207,207,207,208,208,208,208
3519253,0,0,0,0,1,2,2,3,3,3,4,4,4,4,4,7,7,7,7,7,7,7
3519303,1,1,3,3,5,6,8,8,9,9,13,13,14,14,15,15,15,17,17,18,18,18
3519402,8,29,66,119,164,215,287,330,363,392,424,442,470,491,502,529,538,549,556,560,563,563
3519501,0,1,1,1,1,1,2,3,3,3,3,4,6,7,7,8,8,8,8,8,8,8
3519600,1,1,1,1,1,6,8,10,12,17,18,20,21,24,27,31,31,33,34,35,36,36
3519709,0,0,0,0,0,0,1,2,2,2,2,2,2,2,2,2,2,2,2,2,2,2
3519808,0,0,0,1,1,1,1,1,1,1,1,1,1,1,2,2,2,2,2,2,2,2
3519907,0,0,0,2,5,7,8,16,31,42,58,78,91,107,124,145,169,187,203,217,221,221
3520004,0,0,0,0,0,0,0,0,0,0,0,0,0,0,0,0,0,0,0,0,0,0
3520103,0,0,0,0,0,0,0,0,0,0,0,0,0,0,0,0,0,0,0,0,0,0
3520202,0,0,0,0,0,0,0,0,0,0,0,0,0,0,0,0,0,0,0,0,0,0
3520301,0,0,0,0,0,3,3,4,5,7,8,14,16,18,21,24,26,28,32,33,33,33
3520400,0,1,4,6,13,17,33,42,55,61,81,94,105,111,116,120,127,130,131,131,131,131
3520426,0,0,1,1,2,3,4,4,4,4,4,4,4,4,5,8,11,12,12,13,13,13
3520442,0,0,1,2,3,3,3,6,6,9,10,12,14,17,21,22,24,25,31,33,34,34
3520509,0,1,2,5,7,12,15,21,30,43,49,55,63,72,83,93,108,117,126,128,128,128
3520608,0,0,0,0,7,10,10,11,12,14,15,15,15,17,20,20,20,22,23,24,24,24
3520707,0,0,0,0,1,2,3,5,6,8,11,12,17,24,32,46,52,52,52,52,52,52
3520806,4,8,21,47,71,121,165,186,209,233,255,272,298,313,326,341,348,352,354,357,358,358
3520905,0,0,0,1,1,2,2,2,2,2,3,4,5,5,5,5,6,6,6,6,6,6
3521002,18,67,157,311,463,655,846,995,1097,1188,1233,1268,1279,1293,1305,1312,1315,1318,1320,1320,1321,1321
3521101,0,1,3,4,5,13,20,24,29,35,41,47,55,63,67,74,79,80,82,82,82,83
3521150,0,1,1,1,6,13,20,25,32,34,37,42,46,49,52,53,55,55,56,56,56,57
3521200,0,0,0,0,0,0,0,0,2,2,2,9,19,20,26,38,44,52,68,77,78,78
3521309,0,0,0,0,1,1,1,1,1,3,3,3,3,3,3,3,3,3,4,4,4,4
3521408,0,1,1,1,1,2,2,2,2,5,5,5,8,11,16,25,26,28,29,30,33,34
3521507,0,0,2,3,7,11,14,21,28,31,34,35,37,40,45,52,52,55,60,65,69,69
3521606,0,0,0,2,2,5,5,9,13,13,14,15,17,17,17,17,17,18,18,18,19,19
3521705,0,0,0,0,0,0,0,0,0,0,0,0,0,0,0,0,0,0,0,0,0,0
3521804,0,0,0,0,0,0,0,0,0,0,0,0,0,4,10,13,17,19,19,19,19,20
3521903,9,14,33,42,63,79,91,98,113,120,126,128,131,132,134,134,136,136,136,136,136,136
3522000,0,0,0,0,0,0,0,0,0,0,0,1,1,1,3,3,3,3,3,3,4,4
3522109,0,1,1,4,8,10,13,17,18,20,21,28,31,37,42,47,57,69,76,79,83,87
3522158,0,0,0,0,0,0,0,0,0,0,0,0,0,0,0,0,0,0,0,0,0,0
3522208,1,2,2,3,3,3,3,3,3,3,3,3,3,3,3,3,3,3,3,3,4,4
3522307,0,0,0,0,2,3,5,7,7,11,14,15,16,16,17,17,18,21,23,23,23,23
3522406,0,0,1,1,1,1,2,4,5,10,15,16,21,33,39,50,52,54,54,54,54,54
3522505,0,0,0,0,0,0,0,0,0,1,3,3,3,3,5,6,7,7,7,7,7,8
3522604,0,0,0,1,1,1,2,2,3,4,4,10,14,15,16,16,16,17,20,20,20,21
3522653,0,0,0,0,0,0,0,0,0,0,0,0,0,0,0,0,0,0,0,0,0,0
3522703,21,66,122,214,336,448,586,695,836,981,1074,1151,1244,1336,1407,1481,1515,1554,1575,1599,1609,1610
3522802,1,1,1,1,1,1,1,2,2,2,3,4,4,8,8,9,10,10,10,10,10,10
3522901,0,0,0,1,1,2,2,3,4,4,5,5,6,6,6,6,6,6,7,7,7,7
3523008,0,0,0,0,0,1,2,2,3,4,6,6,10,11,12,13,13,14,15,15,15,15
3523107,0,0,1,1,3,5,7,8,12,13,14,16,16,16,16,17,18,19,19,20,21,21
3523206,0,0,0,0,0,0,0,5,11,14,14,14,16,19,21,24,26,27,27,28,28,28
3523305,2,8,30,46,67,99,124,137,162,173,184,192,197,208,224,238,241,247,251,254,257,257
3523404,1,1,1,1,1,1,2,2,3,3,3,3,3,4,5,5,5,5,5,5,5,5
3523503,0,0,0,0,2,2,2,2,2,2,2,2,3,3,3,3,3,3,4,4,4,4
3523602,0,0,1,1,1,3,4,5,7,7,10,11,11,11,17,18,18,18,18,18,19,19
3523701,0,0,0,0,0,0,0,0,0,0,0,0,0,0,0,0,0,0,0,0,0,0
3523800,1,4,4,4,6,6,6,9,20,34,46,59,72,84,97,106,115,130,134,146,149,149
3523909,0,1,1,4,4,6,11,13,13,16,19,20,23,26,31,39,42,44,48,55,55,55
3524006,0,0,0,0,0,0,0,0,0,0,0,0,0,0,0,0,0,0,0,0,0,0
3524105,0,0,0,0,2,2,2,2,3,3,3,3,3,3,4,4,4,4,5,5,5,5
3524204,0,0,0,0,2,2,3,3,3,3,3,3,3,4,4,4,5,6,7,7,7,7
3524303,26,70,142,242,344,492,644,791,913,1076,1219,1278,1308,1343,1385,1410,1443,1469,1479,1492,1498,1505
3524402,2,3,3,3,6,9,18,23,36,56,71,89,108,126,152,192,205,221,233,237,237,237
3524501,0,1,1,1,1,3,4,4,4,5,5,5,5,5,5,5,5,5,5,5,5,5
3524600,0,0,0,1,1,3,4,4,4,4,6,8,14,16,16,18,23,29,39,46,48,49
3524709,0,1,4,4,4,5,7,9,13,14,16,17,17,19,19,19,24,27,28,28,28,28
3524808,5,13,22,43,57,96,129,180,261,374,443,478,518,546,574,609,632,648,675,690,694,703
3524907,0,0,0,0,0,0,0,0,0,0,0,0,0,0,0,0,0,0,0,0,0,0
3525003,0,0,1,2,2,2,5,5,5,5,5,6,6,6,6,6,8,8,8,8,8,8
3525102,1,1,4,6,12,16,22,26,29,31,34,34,36,43,46,48,50,52,55,55,55,55
3525201,0,0,0,0,2,2,2,2,2,2,2,2,2,2,2,2,2,2,2,2,2,2
3525300,0,8,16,20,31,37,53,62,80,89,97,103,107,117,125,137,140,149,155,160,160,161
3525409,0,0,0,0,0,0,0,0,0,0,0,0,1,1,3,3,3,3,3,3,3,3
3525508,0,0,0,0,0,0,0,0,0,0,0,0,0,0,1,2,2,3,3,3,3,4
3525607,0,0,0,0,6,9,19,29,33,39,42,48,55,63,69,70,72,73,73,73,73,74
3525706,1,1,1,2,5,14,18,19,27,40,43,45,47,55,56,56,56,56,56,57,60,60
3525805,0,0,2,2,2,4,9,11,13,25,41,57,78,108,129,159,174,187,195,197,197,197
3525854,0,0,0,0,0,0,0,0,0,0,0,0,0,0,0,0,0,0,0,1,1,1
3525904,0,0,2,5,5,11,13,15,18,21,27,33,34,37,37,38,41,41,42,44,45,46
3526001,0,1,3,7,10,21,40,47,63,94,116,139,195,234,264,286,295,308,325,334,347,357
3526100,0,1,2,4,8,14,32,40,54,65,76,81,86,86,86,86,86,87,89,90,90,92
3526209,0,0,0,0,0,0,0,0,0,0,0,0,0,0,0,0,0,0,0,0,0,0
3526308,0,0,0,0,0,0,0,0,0,0,0,0,0,0,0,0,0,0,0,0,0,0
3526407,0,0,0,0,1,1,1,8,13,17,18,22,29,38,44,57,70,79,86,94,98,102
3526506,0,0,1,2,4,6,12,18,22,26,29,35,38,41,44,45,52,56,59,60,60,60
3526605,5,12,19,33,39,55,91,123,154,206,259,294,327,349,368,375,387,397,399,402,403,405
3526704,0,0,1,1,4,7,11,13,20,24,33,36,40,47,51,64,88,100,113,124,133,143
3526803,0,0,0,0,0,0,1,1,1,2,2,2,2,2,2,2,2,2,2,2,3,3
3526902,21,49,77,139,195,278,401,485,588,733,857,943,1032,1127,1206,1266,1307,1338,1369,1383,1395,1400
3527009,0,0,0,0,0,0,0,0,0,0,0,0,0,0,0,0,0,0,0,0,0,0
3527108,2,4,15,32,61,110,150,197,282,377,458,513,588,659,716,767,818,858,891,912,924,936
3527207,51,163,348,654,1011,1517,2042,2383,2771,3140,3314,3380,3483,3570,3634,3666,3688,3716,3739,3740,3741,3741
3527256,0,0,0,0,0,0,1,3,3,4,4,6,17,17,23,34,46,52,60,69,77,77
3527306,0,0,1,2,2,2,2,3,3,4,4,4,5,5,7,9,10,12,12,12,12,12
3527405,65,144,187,271,360,468,556,614,657,688,702,705,712,717,721,723,724,726,727,728,730,730
3527504,0,0,0,0,0,0,0,0,0,0,0,0,0,0,0,0,0,0,0,0,0,0
3527603,7,15,34,50,67,97,123,129,141,168,186,198,207,224,236,252,262,268,274,281,286,287
3527702,0,1,2,20,42,75,100,111,129,145,148,153,157,159,159,159,159,159,159,159,159,159
3527801,0,0,0,0,0,0,0,0,0,0,0,0,0,0,0,0,0,0,0,0,0,0
3527900,0,0,0,0,0,0,0,0,0,2,2,2,2,3,3,3,3,3,5,5,5,5
3528007,0,0,0,0,0,0,0,1,1,1,1,1,1,1,1,1,1,1,1,1,1,1
3528106,1,1,1,1,1,4,5,5,6,6,7,7,7,7,7,8,9,11,17,18,21,27
3528205,0,0,0,0,0,0,0,0,1,3,3,3,3,4,4,6,9,10,13,13,13,13
3528304,0,0,0,0,1,2,5,6,7,8,10,10,10,11,11,11,11,11,13,13,13,13
3528403,1,1,1,1,1,2,4,5,5,8,9,10,13,15,16,18,19,19,19,19,19,19
3528502,0,0,0,0,0,0,1,1,1,1,1,1,1,1,1,1,1,1,1,1,1,1
3528601,0,0,0,0,0,0,0,0,0,0,0,0,0,0,0,0,0,0,0,0,0,0
3528700,0,1,2,3,3,3,5,5,6,7,9,10,12,14,15,16,16,16,16,16,16,16
3528809,11,26,48,98,142,186,258,304,332,366,380,389,399,403,409,416,421,422,423,423,423,423
3528858,0,0,0,2,2,3,4,4,6,7,7,9,10,10,10,10,10,10,10,10,10,10
3528908,0,1,3,6,20,34,53,71,96,121,150,160,171,179,198,204,209,214,219,222,223,227
3529005,16,51,93,157,198,261,309,363,416,477,527,591,676,787,884,980,1070,1157,1233,1303,1339,1347
3529104,0,0,0,0,0,0,0,0,0,0,0,0,0,0,0,0,0,0,0,0,0,0
3529203,49,99,183,294,388,541,725,765,869,952,998,1025,1052,1070,1074,1080,1088,1096,1098,1100,1101,1101
3529302,1,2,2,2,2,2,2,3,8,10,11,11,12,13,15,18,20,21,22,22,22,23
3529401,1,4,5,6,6,8,8,8,8,8,9,9,9,11,11,11,11,11,11,11,11,11
3529500,0,0,1,2,2,2,2,2,2,2,3,3,3,3,3,3,3,3,3,3,3,3
3529609,0,0,0,1,3,8,13,16,18,24,29,32,56,90,109,135,150,170,176,176,179,181
3529658,0,0,0,0,0,3,6,6,15,20,28,37,49,62,68,80,83,86,98,101,104,105
3529708,0,0,0,0,0,0,0,0,0,0,0,0,0,0,0,0,0,0,0,0,0,0
3529807,0,0,0,0,0,1,1,1,1,1,1,2,2,2,2,2,2,2,2,2,2,2
3529906,0,0,0,1,1,1,1,2,2,6,9,12,12,14,16,18,21,25,28,28,28,28
3530003,0,1,1,3,4,6,11,18,21,26,33,36,42,49,51,54,56,57,59,63,64,64
3530102,4,16,50,92,164,229,319,413,504,594,663,726,767,809,849,881,909,934,975,998,1013,1022
3530201,1,3,4,9,12,21,28,42,53,70,85,92,99,112,122,129,132,141,153,163,169,169
3530300,0,2,3,5,10,14,17,21,26,30,36,39,41,44,47,55,61,69,74,77,79,79
3530409,0,0,0,0,0,0,0,0,1,1,1,3,3,4,4,5,6,6,6,6,7,7
3530508,130,319,530,768,1029,1273,1534,1716,1911,2106,2222,2272,2297,2331,2358,2383,2403,2409,2412,2416,2417,2417
3530607,0,3,6,9,9,10,10,13,15,15,16,16,18,18,19,19,19,19,19,19,20,20
3530706,8,19,47,81,126,205,287,338,436,558,677,743,814,922,1040,1150,1269,1398,1491,1554,1583,1598
3530805,36,121,227,368,517,654,853,996,1167,1364,1498,1619,1758,1859,1943,2020,2092,2142,2192,2219,2232,2239
3530904,0,0,0,0,0,0,0,0,0,0,0,0,0,0,0,0,0,0,0,0,0,0
3531001,0,0,0,2,2,2,3,3,3,3,3,3,3,3,3,4,6,9,19,27,29,29
3531100,0,0,0,0,0,0,4,5,7,7,7,7,7,9,9,10,11,13,13,13,14,14
3531209,0,0,0,0,0,0,0,0,0,0,0,0,0,0,0,0,0,0,0,0,0,0
3531308,2,3,5,6,15,25,39,52,67,82,95,103,115,133,148,160,173,188,203,207,210,211
3531407,2,5,7,10,11,16,18,19,22,24,29,33,36,39,43,44,48,48,51,53,53,53
3531506,0,1,1,4,5,5,5,5,5,6,6,6,9,11,13,14,15,15,15,15,15,15
3531605,1,5,15,40,85,143,170,197,224,231,238,244,251,255,256,258,259,259,259,259,259,259
3531704,0,0,0,0,0,0,0,0,0,0,0,0,0,0,0,0,0,0,0,0,0,0
3531803,0,3,3,6,6,10,16,25,28,38,46,54,59,81,98,126,145,161,176,190,198,201
3531902,1,1,1,1,3,5,6,8,10,10,11,11,11,12,14,20,26,30,32,32,33,33
3532009,0,0,0,0,0,0,0,0,0,0,0,0,0,0,0,0,0,0,0,0,0,0
3532058,0,0,0,0,1,1,1,1,1,1,4,5,6,6,6,6,8,9,9,9,9,9
3532108,0,0,1,1,2,2,4,4,5,5,6,7,9,12,13,13,13,13,13,13,13,14
3532157,0,0,0,2,2,9,19,27,49,86,109,127,148,163,170,175,175,175,178,178,179,179
3532207,1,2,5,9,13,18,21,27,35,47,61,75,92,99,112,123,125,126,130,133,134,134
3532306,0,0,0,0,0,0,0,0,0,0,0,0,0,0,0,0,0,0,0,0,0,0
3532405,0,0,0,0,0,0,0,0,0,0,0,0,0,0,0,2,2,2,2,2,2,2
3532504,0,5,5,5,5,5,5,5,6,6,6,6,6,6,8,8,8,8,9,9,9,9
3532603,1,2,2,6,9,15,17,25,32,41,58,63,81,92,115,163,214,255,291,309,321,323
3532702,2,3,5,8,10,12,15,15,18,19,22,22,22,22,22,22,22,22,22,22,22,22
3532801,0,0,0,1,1,1,1,1,1,1,2,2,2,2,2,2,2,2,2,2,2,2
3532827,0,0,0,0,0,0,0,0,0,0,0,0,0,0,0,0,0,0,0,0,0,0
3532843,0,0,0,0,0,0,0,0,0,0,1,1,1,1,1,1,1,1,1,1,1,1
3532868,0,0,0,0,1,2,5,5,6,9,9,9,9,13,17,19,21,23,24,26,26,26
3532900,0,1,2,3,4,6,9,11,14,21,29,32,36,36,40,44,46,46,46,46,46,46
3533007,0,0,0,3,12,17,20,28,31,38,40,42,44,50,59,75,87,94,105,110,114,114
3533106,0,0,0,2,2,2,2,2,3,4,6,14,21,29,33,37,38,42,42,44,46,48
3533205,0,0,0,1,1,1,1,1,2,6,7,7,9,11,12,13,13,16,18,21,22,22
3533254,4,14,32,57,76,84,84,85,85,85,85,85,85,85,85,85,85,85,85,85,85,85
3533304,0,0,1,2,2,2,2,4,5,9,12,20,39,46,51,61,70,73,83,92,98,100
3533403,1,3,4,5,5,14,30,70,91,99,145,173,183,199,220,238,262,284,300,310,315,315
3533502,0,3,5,9,18,29,46,61,79,93,106,120,141,165,191,226,237,258,278,296,300,305
3533601,0,0,0,0,1,1,2,4,4,4,5,5,5,8,9,18,20,21,26,27,29,29
3533700,0,0,0,0,0,0,0,0,0,0,0,1,2,3,3,3,3,3,5,5,6,6
3533809,0,0,0,0,0,0,0,0,0,0,0,0,0,0,0,0,0,0,0,0,0,0
3533908,0,0,0,5,7,11,13,19,22,24,24,25,27,29,32,35,37,39,41,42,43,43
3534005,0,0,2,2,6,13,20,29,35,40,50,61,73,78,80,86,93,95,99,102,104,104
3534104,0,0,1,1,1,1,1,1,1,1,1,1,2,4,4,6,6,6,6,6,6,6
3534203,0,0,0,0,0,0,0,0,0,0,0,0,0,0,0,0,0,0,0,0,0,0
3534302,1,4,4,5,5,6,8,10,14,16,18,23,26,29,29,33,35,38,38,39,39,39
3534401,2,10,28,42,57,76,104,126,144,162,178,182,191,198,206,214,219,222,224,226,226,226
3534500,0,0,0,0,0,0,0,0,0,0,0,0,0,0,1,3,3,3,5,5,5,5
3534609,24,73,161,263,350,452,551,585,630,707,774,816,853,883,907,915,923,933,943,948,950,953
3534708,12,33,62,103,131,169,213,255,339,416,495,555,655,744,846,966,1099,1179,1261,1290,1301,1301
3534757,2,9,14,20,28,54,75,83,86,95,97,101,103,103,106,109,109,109,112,114,114,115
3534807,7,30,74,136,266,390,475,518,551,581,603,618,625,633,643,649,653,653,658,659,660,662
3534906,1,1,3,7,13,25,39,45,53,70,79,89,102,117,131,140,162,181,191,194,196,196
3535002,0,0,1,1,1,2,2,6,8,12,13,16,16,19,21,22,22,22,22,22,22,22
3535101,9,34,86,142,210,307,392,448,497,543,590,602,613,618,619,620,623,627,632,632,632,632
3535200,0,0,0,0,0,1,5,8,8,13,20,22,22,22,22,23,25,28,35,38,47,49
3535309,11,31,77,167,280,419,543,678,832,963,1093,1161,1213,1291,1344,1377,1409,1442,1462,1475,1484,1484
3535408,1,4,19,27,34,63,93,116,186,261,287,319,378,415,461,502,542,571,587,602,613,616
3535507,3,9,18,39,53,106,151,185,213,247,276,294,330,350,389,421,453,478,499,520,525,527
3535606,0,0,0,0,1,2,3,3,3,3,3,3,3,3,3,3,3,3,3,3,3,3
3535705,0,0,1,1,1,2,2,2,4,5,6,6,9,10,12,13,14,15,17,21,24,24
3535804,0,0,0,0,0,0,0,0,0,0,0,0,0,0,0,0,0,0,0,0,0,0
3535903,0,0,0,1,1,3,7,9,9,10,10,15,16,16,17,17,18,18,18,18,18,18
3536000,39,107,216,347,483,619,714,747,775,801,812,823,833,838,843,847,849,851,857,860,863,863
3536109,0,0,0,0,0,0,0,0,0,0,0,0,0,0,0,0,0,0,0,0,0,0
3536208,2,4,7,9,10,13,22,38,57,77,100,111,133,166,185,215,232,259,279,297,311,315
3536257,21,58,98,155,187,212,247,263,272,277,279,282,282,284,286,286,286,286,286,287,287,287
3536307,0,0,0,0,0,0,0,0,0,0,0,0,0,0,0,0,0,0,0,0,0,0
3536406,6,10,21,28,51,87,121,165,224,257,283,296,314,326,347,356,373,386,388,388,388,388
3536505,3,9,9,12,18,20,32,40,51,62,68,72,78,84,87,90,96,99,106,110,113,114
3536570,0,0,0,0,0,0,0,0,0,0,0,0,1,1,1,1,1,1,1,1,1,1
3536604,0,0,0,4,4,6,7,9,10,11,16,17,18,19,21,21,21,21,22,22,22,22
3536703,0,0,1,1,1,1,1,1,2,3,9,10,10,14,15,18,21,23,29,32,34,34
3536802,0,0,0,0,0,0,0,0,0,0,0,0,0,0,0,0,0,0,0,0,0,0
3536901,0,0,0,1,4,5,8,12,13,13,15,16,20,23,24,24,25,26,30,31,35,36
3537008,0,0,0,0,0,0,0,0,0,0,0,0,0,0,0,0,0,0,0,0,0,0
3537107,0,2,3,3,3,3,3,4,12,15,26,34,41,45,49,54,62,71,76,76,76,77
3537156,0,0,0,0,0,1,2,4,5,7,10,10,11,13,13,13,13,14,14,15,15,15
3537206,0,0,2,2,2,2,2,3,5,5,7,7,7,9,9,9,9,9,9,9,9,9
3537305,14,22,43,92,148,193,236,273,307,364,403,434,474,492,513,528,544,559,578,583,592,592
3537404,0,1,2,4,8,9,10,13,19,21,23,26,31,35,46,71,79,89,99,105,115,127
3537503,0,0,0,0,0,0,0,0,0,0,0,0,0,0,0,0,0,0,0,0,0,0
3537602,2,8,15,27,39,53,60,70,84,105,119,128,130,134,137,142,145,146,147,149,154,154
3537701,12,61,108,164,224,279,336,344,352,354,357,357,358,361,361,362,362,362,362,362,362,362
3537800,0,0,0,0,0,0,0,0,0,0,0,0,0,0,1,1,1,1,1,1,1,1
3537909,0,0,0,0,0,0,0,0,0,0,0,0,1,1,2,3,4,4,4,4,4,4
3538006,6,17,20,56,80,144,246,317,436,570,669,782,938,1084,1214,1347,1451,1559,1645,1707,1721,1727
3538105,4,15,30,49,67,95,124,139,155,160,169,181,195,210,226,239,246,247,247,247,248,248
3538204,0,0,0,0,0,0,0,0,1,1,1,1,1,1,1,1,1,1,1,1,1,1
3538303,0,0,2,3,9,18,25,29,30,35,35,35,35,35,35,35,35,36,36,36,36,36
3538501,0,1,2,5,10,11,44,92,126,137,143,143,146,151,163,168,180,188,201,213,225,230
3538600,1,1,1,1,1,2,2,2,2,2,2,3,3,3,3,3,3,3,3,3,3,3
3538709,10,34,48,80,120,179,250,308,377,450,501,538,592,653,712,761,810,862,902,930,951,963
3538808,0,0,0,0,0,0,0,1,1,3,3,3,4,4,4,5,5,5,5,5,5,5
3538907,0,0,0,0,2,2,2,3,4,4,5,5,5,6,6,6,7,7,7,7,7,7
3539004,0,3,5,8,11,14,16,17,22,29,42,48,61,68,79,84,93,94,94,94,95,95
3539103,0,0,0,0,0,0,0,0,0,0,0,0,0,0,0,0,0,0,0,0,0,0
3539202,0,1,5,9,14,31,62,83,122,159,190,231,297,369,446,511,556,600,631,662,669,681
3539301,12,28,56,94,138,182,257,316,376,434,475,504,538,583,616,634,659,679,701,719,727,727
3539400,0,0,1,1,1,1,2,2,3,4,4,4,5,5,5,5,5,5,5,5,5,5
3539509,0,0,0,0,5,8,10,16,19,19,22,28,36,37,37,41,46,52,58,61,64,65
3539608,0,0,0,0,0,0,0,1,2,4,6,11,14,16,18,20,23,26,29,29,30,30
3539707,0,0,0,0,0,2,2,3,4,4,6,9,12,12,12,14,15,15,15,15,15,15
3539806,1,2,2,2,2,3,4,4,6,6,6,6,6,7,7,7,7,7,7,7,7,7
3539905,0,0,0,0,0,3,4,4,4,4,4,4,4,4,4,4,4,4,4,4,4,4
3540002,1,6,13,20,31,46,57,66,68,72,78,86,94,96,102,104,106,108,111,114,115,115
3540101,0,0,0,0,0,0,0,0,0,0,0,0,0,0,0,0,0,2,2,5,6,6
3540200,0,0,8,13,19,22,22,25,33,42,52,66,79,86,99,110,118,126,133,138,143,144
3540259,37,58,87,117,138,152,168,175,178,178,178,178,178,179,179,179,179,180,180,180,180,180
3540309,2,3,5,10,13,17,22,23,28,29,33,33,35,36,36,36,36,36,37,37,39,39
3540408,3,9,12,16,36,49,57,61,73,78,79,80,81,81,81,81,81,81,81,81,81,81
3540507,0,0,0,0,0,0,0,0,0,0,0,0,0,0,0,0,0,0,0,0,0,0
3540606,0,0,0,0,0,0,0,2,3,3,3,3,4,5,8,9,16,20,24,26,28,28
3540705,4,7,8,9,14,19,22,24,35,39,43,44,50,54,61,69,79,86,92,95,99,100
3540754,488,935,1216,1479,1626,1721,1817,1895,1922,1955,1995,2023,2040,2051,2054,2055,2057,2059,2064,2068,2072,2075
3540804,1,1,1,1,1,1,2,4,7,8,11,12,17,19,24,28,29,29,32,33,34,34
3540853,0,1,3,4,6,9,13,14,17,20,22,29,38,42,44,44,44,44,44,44,44,44
3540903,5,6,6,7,8,10,12,13,17,21,22,25,28,28,30,33,34,38,40,41,41,41
3541000,0,1,1,1,2,4,4,4,5,6,7,7,8,10,10,10,10,10,11,11,12,12
3541059,0,0,0,0,0,0,0,0,0,0,0,0,0,0,0,0,0,0,0,0,0,0
3541109,0,0,0,1,1,1,1,2,2,2,2,2,2,2,2,2,2,2,2,2,2,2
3541208,3,7,13,20,32,56,88,122,162,201,225,249,271,302,319,350,373,394,409,416,417,418
3541307,64,190,351,490,612,735,823,860,887,914,922,925,928,928,929,930,930,931,932,932,932,932
3541406,16,42,87,146,247,394,537,725,1013,1453,1827,2154,2492,2845,3127,3388,3614,3835,4017,4157,4227,4249
3541505,18,53,114,169,222,279,323,345,374,392,407,419,429,442,450,461,472,476,481,486,489,489
3541604,0,0,0,1,2,7,9,12,13,15,18,22,27,29,34,35,37,39,41,42,44,45
3541653,0,0,0,0,0,0,0,0,0,0,0,0,0,0,0,0,0,0,0,0,0,0
3541703,4,11,34,54,75,111,158,198,247,278,300,309,321,344,369,394,413,421,431,433,435,435
3541802,2,15,31,49,65,89,115,130,137,142,144,147,149,150,150,151,152,152,152,152,152,152
3541901,0,0,0,0,0,3,4,5,7,13,15,21,26,30,35,41,45,50,51,53,57,57
3542008,0,0,0,1,1,2,4,5,5,9,9,12,17,18,20,24,26,28,32,34,35,35
3542107,0,0,0,0,0,0,0,0,0,0,0,0,0,0,0,0,0,0,0,0,0,0
3542206,77,218,349,483,622,871,1034,1193,1302,1388,1480,1542,1600,1650,1699,1750,1793,1831,1848,1864,1868,1868
3542305,0,0,0,0,0,0,0,0,0,0,0,0,0,0,0,0,0,0,0,0,0,0
3542404,1,1,2,4,6,13,18,20,40,67,89,115,137,167,217,242,263,289,327,356,369,387
3542503,0,0,0,0,0,0,0,0,0,0,0,0,0,0,0,0,0,0,0,0,0,0
3542602,5,13,25,46,66,90,130,182,235,291,327,366,410,448,476,492,511,531,539,549,560,560
3542701,0,0,0,0,0,0,0,0,0,1,1,1,1,1,1,1,1,1,1,1,1,1
3542800,0,0,0,0,0,0,0,0,0,0,0,0,0,0,0,0,0,0,0,0,0,0
3542909,0,0,0,1,1,1,1,1,1,1,1,1,1,1,1,1,1,1,1,1,1,1
3543006,0,0,0,0,0,0,0,0,0,0,0,0,0,0,0,0,0,0,0,0,0,0
3543105,0,0,0,0,0,0,0,0,0,0,0,0,0,0,0,0,0,0,0,0,0,0
3543204,0,0,0,0,1,1,2,2,2,2,6,7,8,15,22,34,40,54,61,63,64,64
3543238,0,0,0,0,0,0,1,1,1,1,1,1,1,1,2,2,3,3,4,4,4,4
3543253,0,0,0,0,0,0,0,0,0,0,0,0,0,0,0,0,0,0,0,0,0,0
3543303,0,0,0,0,0,0,0,0,0,0,0,0,0,0,0,0,0,0,0,0,0,0
3543402,219,586,1207,2069,3216,4771,6416,8025,9536,11134,12572,13524,14120,14628,15068,15431,15679,15889,16052,16163,16216,16245
3543501,0,0,0,0,0,0,0,0,0,0,0,0,0,0,0,0,0,0,0,0,0,0
3543600,0,0,0,0,0,0,0,0,0,0,0,0,0,0,0,0,0,0,0,0,0,0
3543709,0,0,0,0,0,2,7,8,8,10,10,12,12,12,12,13,13,13,13,13,13,13
3543808,73,185,336,440,514,590,640,674,694,702,703,708,709,710,710,710,710,710,710,710,710,710
3543907,4,26,43,68,86,116,154,184,229,271,317,369,428,496,588,670,747,814,858,884,904,917
3544004,0,0,0,1,1,1,1,1,2,2,2,2,3,3,3,4,4,5,5,5,7,7
3544103,0,0,0,1,1,1,1,1,1,2,2,2,2,2,2,2,2,2,2,2,2,2
3544202,0,0,1,2,4,7,8,11,11,12,16,17,18,19,20,21,22,23,23,25,25,26
3544251,2,4,15,25,34,66,111,137,188,249,309,360,421,476,524,589,629,675,702,719,731,731
3544301,2,4,8,17,21,30,40,51,64,69,76,78,79,80,83,83,88,89,90,90,90,91
3544400,5,11,12,15,15,19,22,25,26,32,36,39,44,50,52,56,61,64,73,83,90,96
3544509,0,0,0,0,0,0,1,1,1,1,2,2,2,3,3,4,5,5,6,6,6,6
3544608,1,7,13,33,49,96,136,163,197,214,229,234,242,247,253,258,261,262,262,264,264,264
3544707,0,11,33,65,97,160,215,253,295,311,312,312,312,312,312,312,312,312,312,312,312,312
3544806,0,0,0,2,2,3,4,5,5,6,7,9,10,12,12,13,13,13,14,14,14,14
3544905,0,0,0,0,1,2,2,2,2,2,3,3,3,3,3,6,7,7,7,8,8,8
3545001,0,0,0,0,0,0,0,0,0,0,0,0,0,0,0,0,0,0,0,0,0,0
3545100,4,11,22,51,85,125,156,184,208,211,219,223,243,252,262,266,269,269,270,270,270,270
3545159,0,0,2,3,3,4,5,5,7,7,8,8,8,9,9,9,9,9,9,9,10,10
3545209,0,0,0,2,3,3,4,8,10,15,18,20,28,35,41,44,49,53,56,60,61,61
3545308,0,0,0,1,1,1,1,1,1,1,1,1,1,1,1,1,1,1,1,1,1,1
3545407,0,0,0,0,1,3,3,4,4,4,7,13,22,37,56,78,92,100,113,128,130,130
3545506,0,1,2,5,9,15,22,33,42,59,74,95,122,144,168,187,204,217,222,223,224,224
3545605,1,2,6,13,21,38,51,60,79,96,106,112,126,132,146,157,168,180,184,191,192,193
3545704,0,0,0,2,4,9,14,15,16,20,24,24,26,26,26,28,28,30,30,30,30,30
3545803,11,28,44,68,92,116,152,190,222,301,377,436,495,554,616,678,731,784,826,855,874,895
3546009,0,0,0,0,0,0,0,1,1,1,1,1,1,1,1,1,1,1,1,1,1,1
3546108,1,1,1,1,1,1,1,1,2,2,2,3,7,9,12,20,27,32,41,46,49,52
3546207,0,0,0,0,0,0,0,0,0,0,1,1,1,1,3,4,5,6,7,7,7,7
3546256,0,0,0,0,0,2,4,5,5,5,5,5,5,7,9,10,11,12,12,14,14,14
3546306,6,7,18,51,73,109,171,234,298,372,454,507,611,719,787,858,913,956,983,987,995,995
3546405,1,1,1,1,1,2,4,4,4,8,11,11,13,14,16,16,17,17,17,20,22,22
3546504,2,6,12,20,33,50,76,85,97,106,111,112,114,117,119,122,124,126,127,127,127,127
3546603,1,2,3,5,6,7,8,10,14,19,23,28,31,36,42,45,49,53,58,60,61,61
3546702,0,0,0,0,0,0,0,0,1,1,6,7,7,7,8,13,16,21,24,24,24,25
3546801,0,0,0,0,0,0,1,1,1,1,1,1,2,2,2,2,2,2,2,2,2,2
3546900,0,0,1,1,2,2,2,3,4,4,4,4,4,4,4,4,4,4,4,4,4,4
3547007,0,0,0,0,0,1,1,1,1,1,1,1,1,1,1,1,1,1,1,1,1,1
3547106,0,0,0,1,1,4,5,6,7,8,8,10,10,10,11,11,14,15,17,19,19,19
3547205,0,0,0,0,0,0,0,0,0,0,0,0,0,0,0,0,0,0,0,0,0,0
3547304,0,1,2,2,3,4,5,6,8,10,12,12,12,12,13,14,16,18,19,19,19,19
3547403,0,0,0,0,0,0,0,0,0,0,0,0,0,0,0,0,0,0,0,0,0,0
3547502,2,6,13,22,36,56,81,105,136,164,180,206,234,258,296,333,363,388,409,426,437,444
3547601,0,2,7,11,15,20,30,42,58,67,76,92,113,155,189,222,244,247,255,255,255,256
3547650,0,0,2,2,3,4,4,5,5,5,5,6,6,7,7,7,7,7,7,7,8,8
3547700,0,1,2,3,8,21,49,72,103,131,168,192,233,266,296,319,339,353,363,367,373,375
3547809,0,0,0,2,2,2,3,4,4,6,6,6,6,9,9,9,9,9,9,9,9,9
3547908,0,0,0,0,0,0,0,1,1,1,1,1,1,2,3,3,3,4,5,5,5,5
3548005,0,3,4,4,5,7,7,7,7,10,13,14,14,15,15,16,17,17,17,17,17,17
3548054,0,0,6,13,13,14,19,22,24,28,32,35,36,37,39,44,49,54,58,62,66,70
3548104,0,0,0,0,0,0,0,0,0,0,1,1,1,1,1,1,1,1,1,1,1,1
3548203,0,0,0,0,0,0,0,0,0,0,0,0,0,0,0,0,0,0,0,0,0,0
3548302,0,1,1,1,1,1,2,5,10,22,33,47,66,68,71,72,75,80,81,81,81,81
3548401,0,0,1,4,4,9,11,14,22,32,35,35,35,35,35,35,35,35,35,35,35,35
3548500,2,4,5,7,11,18,23,30,35,42,47,50,50,52,57,62,66,69,71,71,72,72
3548609,0,0,0,0,0,0,0,0,0,0,0,0,0,0,0,0,0,0,0,0,0,0
3548708,0,0,0,0,1,2,6,7,9,11,13,13,13,13,14,16,16,16,16,16,16,16
3548807,1,1,1,1,1,1,1,1,1,1,1,1,1,1,1,1,1,1,1,1,1,1
3548906,3,18,56,99,151,197,256,284,321,358,389,400,416,422,434,445,449,451,453,457,457,457
3549003,0,0,0,0,0,0,0,1,1,1,1,1,2,2,2,5,5,5,10,14,17,19
3549102,12,42,82,136,203,285,412,531,630,739,822,877,932,957,970,975,986,988,988,988,988,988
3549201,4,5,7,12,20,31,44,52,59,63,72,74,76,76,76,76,76,76,76,76,76,76
3549250,0,2,6,9,16,26,39,53,63,67,69,72,72,72,74,74,75,75,75,75,75,75
3549300,0,0,0,0,1,4,7,10,14,24,31,45,61,70,88,96,105,113,123,128,136,140
3549409,1,1,4,7,14,19,31,41,48,51,56,57,57,57,57,57,58,59,60,60,60,61
3549508,0,0,0,0,0,0,0,0,0,0,0,0,0,0,0,0,0,0,0,0,0,0
3549607,0,0,0,0,0,0,0,0,0,0,0,0,0,1,1,3,4,5,5,5,5,5
3549706,3,6,9,17,23,28,30,34,37,47,60,81,105,130,162,198,221,236,274,293,303,316
3549805,92,206,384,611,940,1315,1725,2129,2529,2929,3293,3485,3655,3757,3829,3917,3966,4042,4123,4174,4193,4196
3549904,1,2,9,13,19,27,35,45,60,83,105,123,142,171,196,220,244,264,283,294,297,297
3549953,0,0,0,0,0,0,0,0,0,0,0,0,0,0,0,0,0,0,0,0,0,0
3550001,0,0,0,0,0,0,0,0,0,0,1,1,1,1,1,1,1,1,1,1,1,1
3550100,0,1,1,2,6,7,9,11,11,12,15,15,15,16,18,18,20,20,20,20,20,21
3550209,0,0,0,0,0,0,0,0,0,0,0,0,0,0,0,0,0,0,0,0,0,0
3550308,55,127,181,244,341,445,581,702,812,939,1046,1106,1201,1267,1351,1412,1478,1529,1571,1607,1620,1632
3550407,9,26,40,73,105,153,247,303,392,491,579,634,704,737,782,813,837,855,867,872,874,876
3550506,0,0,0,0,0,0,0,1,1,3,8,13,19,26,29,30,31,35,36,37,37,37
3550605,0,0,0,0,1,1,1,1,1,1,2,2,2,2,4,4,6,10,10,10,10,10
3550704,6,7,10,17,23,31,45,51,52,65,71,80,83,91,96,110,114,128,142,151,166,176
3550803,0,0,0,0,0,0,0,0,0,0,0,0,4,11,14,16,17,17,18,20,22,22
3550902,15,35,51,78,114,127,128,128,132,136,136,137,138,139,141,145,145,145,145,145,145,145
3551009,0,0,6,6,13,19,25,28,30,36,39,44,49,54,54,56,58,58,60,60,60,60
3551108,0,0,0,0,0,0,0,0,0,0,0,2,2,2,2,2,2,2,2,2,2,2
3551207,0,0,0,0,0,0,0,0,0,0,0,0,0,0,0,0,0,0,0,0,0,0
3551306,2,2,3,9,20,26,36,39,48,56,65,67,70,73,73,75,75,76,76,77,77,77
3551405,0,0,1,1,1,2,2,3,5,7,11,13,14,14,14,14,14,15,15,16,16,16
3551504,0,0,1,2,3,5,10,12,14,16,17,18,23,26,29,32,35,36,37,38,38,38
3551603,1,1,1,2,2,2,2,3,3,3,3,3,5,5,5,5,5,5,5,5,5,5
3551702,80,175,299,515,759,1012,1236,1429,1609,1753,1844,1894,1952,2006,2059,2111,2160,2187,2210,2236,2241,2243
3551801,15,70,209,260,290,304,318,322,324,329,330,330,330,330,330,330,330,330,332,332,332,332
3551900,0,0,0,0,5,6,6,7,9,12,15,18,20,21,22,23,26,26,27,30,30,30
3552007,0,0,0,1,2,2,2,2,2,3,4,4,4,4,4,4,4,4,4,4,4,4
3552106,0,1,1,1,2,2,2,2,4,5,11,13,14,15,17,17,18,18,19,19,19,19
3552205,4,14,40,91,143,211,345,467,586,712,861,951,1064,1170,1267,1380,1453,1519,1587,1638,1667,1677
3552304,0,0,0,1,6,10,15,15,20,23,31,38,43,49,53,64,72,77,81,90,91,94
3552403,12,25,49,69,95,122,151,182,237,285,310,329,367,396,434,462,488,516,544,564,575,578
3552502,4,5,6,8,8,8,11,12,15,21,21,23,23,24,24,24,24,24,24,24,24,24
3552551,0,0,0,0,0,0,2,2,4,6,6,7,8,9,10,10,11,13,15,15,15,16
3552601,1,2,7,17,30,52,66,74,92,101,117,126,140,155,166,173,188,195,202,206,209,211
3552700,0,0,0,0,0,0,4,4,4,4,9,9,10,10,10,10,10,10,10,10,10,10
3552809,0,1,1,2,3,3,3,3,3,3,3,3,3,5,6,6,6,7,7,7,7,7
3552908,0,0,0,0,0,0,0,1,2,3,4,4,5,7,11,11,11,14,16,17,17,17
3553005,0,0,0,0,0,0,0,0,0,0,0,0,1,1,1,1,2,5,6,6,6,6
3553104,0,2,2,2,2,2,2,2,2,2,2,2,2,2,2,2,2,2,3,3,3,3
3553203,0,0,0,0,1,1,2,4,8,10,13,19,23,28,31,34,34,39,39,39,39,39
3553302,0,1,5,15,25,40,57,69,93,129,158,195,244,289,340,390,437,466,491,502,506,513
3553401,2,4,9,14,28,46,78,105,142,172,203,219,245,288,308,340,365,400,429,444,450,452
3553500,0,0,0,0,0,0,0,0,0,0,0,0,0,0,0,0,0,0,0,0,0,0
3553609,0,0,0,0,7,23,34,47,64,88,101,116,140,158,178,215,250,264,274,275,277,278
3553658,0,0,0,0,0,0,0,0,0,1,1,1,2,3,3,3,3,3,4,5,5,5
3553708,3,13,29,60,93,119,152,169,190,198,200,203,213,225,233,243,256,267,274,284,287,292
3553807,0,0,0,0,0,0,0,0,0,0,0,0,0,0,0,0,0,0,0,0,0,0
3553856,0,0,0,0,0,0,0,0,0,0,0,0,0,0,0,0,0,0,0,0,0,0
3553906,0,0,0,0,3,21,34,58,91,114,138,157,181,208,221,233,247,260,270,276,278,279
3553955,0,0,0,1,2,7,11,15,22,32,37,49,65,83,95,103,106,110,117,122,122,124
3554003,0,0,0,1,2,2,3,3,6,8,10,10,15,21,36,59,75,107,142,157,177,190
3554102,7,13,34,68,109,175,290,392,518,681,810,918,1051,1168,1284,1432,1529,1628,1700,1757,1783,1813
3554201,0,0,0,0,0,0,0,0,0,0,0,0,0,0,0,0,0,0,0,0,0,0
3554300,2,5,10,25,43,76,99,133,164,216,247,263,281,300,311,320,328,334,337,337,342,342
3554409,0,0,1,2,2,2,2,3,3,3,3,3,3,3,3,3,3,3,3,3,3,3
3554508,0,0,0,0,0,0,0,0,1,5,6,6,6,6,6,6,6,6,6,6,6,6
3554607,0,0,0,0,0,0,0,0,0,0,0,0,0,0,0,0,0,0,0,0,0,0
3554656,0,0,0,0,0,0,0,0,0,0,0,0,0,0,0,0,0,0,0,0,0,0
3554706,0,0,1,1,1,1,1,1,2,3,3,3,3,4,4,4,4,4,4,4,4,4
3554755,5,7,12,18,32,45,66,77,80,81,82,83,83,83,83,83,83,83,83,83,83,83
3554805,1,1,1,1,2,2,4,10,19,27,43,57,68,77,92,113,122,136,139,149,154,155
3554904,0,0,0,0,0,0,0,0,0,0,0,0,0,0,0,0,0,0,0,0,1,1
3554953,0,0,0,0,0,0,0,0,0,0,0,0,0,0,0,0,0,0,0,0,0,0
3555000,5,16,29,45,62,101,149,188,232,289,327,373,410,435,458,492,520,547,569,578,587,593
3555109,1,3,17,40,72,112,166,201,253,311,366,421,500,574,620,667,685,708,723,743,756,761
3555208,0,0,1,1,2,2,2,2,2,3,3,4,9,15,23,35,42,62,90,103,104,105
3555307,1,2,6,14,18,29,33,35,35,36,36,36,37,37,37,37,37,37,37,37,37,37
3555356,0,0,1,5,7,9,13,15,27,34,43,53,56,60,68,92,106,115,118,120,120,120
3555406,1,3,4,6,7,11,19,23,34,44,59,60,65,83,93,100,114,130,137,139,139,139
3555505,0,0,0,0,0,0,0,0,0,0,0,0,0,0,0,0,0,0,0,0,0,0
3555604,0,1,3,3,3,4,9,11,11,11,11,11,11,11,11,12,12,12,12,12,12,12
3555703,0,0,0,0,0,0,0,0,0,0,0,0,0,0,0,0,0,0,0,0,0,0
3555802,24,50,76,117,170,244,312,355,423,470,496,534,549,565,570,576,593,602,611,611,611,611
3555901,0,0,0,0,0,0,0,0,0,0,0,0,0,0,0,0,0,0,0,0,0,0
3556008,2,9,24,42,54,76,88,93,103,110,113,114,115,121,122,122,122,122,122,122,122,122
3556107,2,8,23,43,75,132,157,172,175,177,181,185,187,190,194,201,206,208,209,209,209,209
3556206,0,2,2,4,5,6,9,11,13,18,24,29,30,30,32,36,36,36,36,43,47,47
3556305,11,23,59,159,271,429,631,765,852,914,967,1030,1067,1100,1126,1156,1173,1204,1227,1237,1239,1239
3556354,0,0,0,0,0,0,0,0,0,0,0,0,0,0,0,0,0,0,0,0,0,0
3556404,1,2,4,5,5,6,12,15,22,32,34,39,55,62,81,105,120,135,150,166,173,180
3556453,0,0,0,0,0,0,0,0,0,0,0,0,0,0,0,0,0,0,0,0,0,0
3556503,0,0,0,0,2,2,5,5,6,7,10,10,10,10,11,12,13,13,13,13,14,14
3556602,0,0,0,0,0,3,5,12,21,32,45,49,60,83,102,118,140,164,183,204,216,222
3556701,1,1,2,4,5,5,6,10,10,11,15,16,16,16,17,19,19,19,20,20,20,20
3556800,0,0,0,0,0,1,6,8,11,13,15,16,17,17,17,18,19,19,19,19,19,19
3556909,0,0,1,1,2,2,2,2,3,3,4,4,4,4,4,4,4,4,6,7,7,10
3556958,3,8,12,17,30,65,96,103,110,117,125,125,127,129,129,129,129,129,129,129,129,129
3557006,0,0,2,6,7,9,17,22,28,40,56,67,90,94,100,110,120,129,138,142,148,148
3557105,341,821,1555,2479,3383,4569,5680,6436,7124,7641,8049,8227,8375,8474,8543,8614,8675,8732,8764,8786,8808,8819
3557154,0,0,0,0,0,0,1,1,1,3,3,3,4,4,4,4,4,5,5,8,9,9
3557204,0,0,0,0,0,0,0,1,1,1,1,1,4,5,7,7,8,8,8,8,8,8
3557303,0,0,0,0,0,1,1,1,2,2,2,2,3,4,6,7,8,8,8,9,9,9
